Actual_Demand,Predicted_Demand,Prediction_Error,Absolute_Error
79,79.927475,-0.9274749755859375,0.9274749755859375
5,5.06435,-0.06435012817382812,0.06435012817382812
28,27.902304,0.09769630432128906,0.09769630432128906
205,207.41243,-2.4124298095703125,2.4124298095703125
666,643.1362,22.86376953125,22.86376953125
225,224.92259,0.0774078369140625,0.0774078369140625
543,544.49146,-1.491455078125,1.491455078125
560,575.2456,-15.24560546875,15.24560546875
317,323.65277,-6.65277099609375,6.65277099609375
203,203.36925,-0.3692474365234375,0.3692474365234375
99,99.38968,-0.389678955078125,0.389678955078125
207,203.88698,3.1130218505859375,3.1130218505859375
213,217.05415,-4.0541534423828125,4.0541534423828125
165,163.91156,1.08843994140625,1.08843994140625
315,313.19818,1.80181884765625,1.80181884765625
7,6.9200163,0.07998371124267578,0.07998371124267578
57,56.147263,0.8527374267578125,0.8527374267578125
627,613.10474,13.895263671875,13.895263671875
114,112.44063,1.5593719482421875,1.5593719482421875
33,32.970074,0.029926300048828125,0.029926300048828125
7,7.0303073,-0.030307292938232422,0.030307292938232422
759,744.65784,14.3421630859375,14.3421630859375
169,167.77045,1.22955322265625,1.22955322265625
14,14.204859,-0.20485877990722656,0.20485877990722656
5,5.0187473,-0.018747329711914062,0.018747329711914062
51,49.73727,1.2627296447753906,1.2627296447753906
59,56.793926,2.206073760986328,2.206073760986328
142,145.02374,-3.02374267578125,3.02374267578125
101,96.645134,4.354866027832031,4.354866027832031
404,397.888,6.11199951171875,6.11199951171875
198,195.84575,2.1542510986328125,2.1542510986328125
486,481.20862,4.7913818359375,4.7913818359375
456,451.8974,4.10260009765625,4.10260009765625
79,80.504036,-1.5040359497070312,1.5040359497070312
218,217.58577,0.4142303466796875,0.4142303466796875
150,151.31003,-1.310028076171875,1.310028076171875
214,213.49011,0.5098876953125,0.5098876953125
26,26.171959,-0.17195892333984375,0.17195892333984375
513,507.69818,5.30181884765625,5.30181884765625
442,439.65332,2.3466796875,2.3466796875
36,35.558994,0.4410057067871094,0.4410057067871094
90,89.308205,0.6917953491210938,0.6917953491210938
416,416.7102,-0.710205078125,0.710205078125
262,260.48203,1.517974853515625,1.517974853515625
358,358.5348,-0.5347900390625,0.5347900390625
71,71.83582,-0.8358230590820312,0.8358230590820312
463,468.5698,-5.569793701171875,5.569793701171875
175,172.0051,2.994903564453125,2.994903564453125
67,68.3307,-1.3307037353515625,1.3307037353515625
38,37.598747,0.40125274658203125,0.40125274658203125
79,79.143364,-0.14336395263671875,0.14336395263671875
389,385.91797,3.08203125,3.08203125
4,4.0040584,-0.004058361053466797,0.004058361053466797
70,67.854004,2.14599609375,2.14599609375
668,679.83057,-11.83056640625,11.83056640625
163,162.68642,0.3135833740234375,0.3135833740234375
404,414.9034,-10.903411865234375,10.903411865234375
132,130.97844,1.0215606689453125,1.0215606689453125
170,166.20874,3.791259765625,3.791259765625
138,134.36646,3.633544921875,3.633544921875
258,257.44745,0.55255126953125,0.55255126953125
102,103.95243,-1.9524307250976562,1.9524307250976562
41,38.94723,2.0527687072753906,2.0527687072753906
13,12.750256,0.24974441528320312,0.24974441528320312
20,20.151018,-0.1510181427001953,0.1510181427001953
50,52.056824,-2.05682373046875,2.05682373046875
214,214.94006,-0.9400634765625,0.9400634765625
5,5.0304365,-0.03043651580810547,0.03043651580810547
122,120.31125,1.688751220703125,1.688751220703125
223,224.6162,-1.6161956787109375,1.6161956787109375
374,377.9168,-3.91680908203125,3.91680908203125
285,282.81436,2.185638427734375,2.185638427734375
283,289.61194,-6.6119384765625,6.6119384765625
93,92.86771,0.132293701171875,0.132293701171875
217,215.63063,1.3693695068359375,1.3693695068359375
354,344.57712,9.422882080078125,9.422882080078125
441,448.5038,-7.503814697265625,7.503814697265625
12,12.073276,-0.07327556610107422,0.07327556610107422
578,577.39075,0.6092529296875,0.6092529296875
632,640.9924,-8.99237060546875,8.99237060546875
249,245.07928,3.92071533203125,3.92071533203125
493,474.8077,18.192291259765625,18.192291259765625
11,10.800569,0.1994314193725586,0.1994314193725586
527,533.5543,-6.5543212890625,6.5543212890625
13,13.190775,-0.19077491760253906,0.19077491760253906
320,313.55963,6.44036865234375,6.44036865234375
234,236.12344,-2.123443603515625,2.123443603515625
2,2.0213218,-0.021321773529052734,0.021321773529052734
99,98.09097,0.909027099609375,0.909027099609375
5,5.2878723,-0.287872314453125,0.287872314453125
135,129.89313,5.10687255859375,5.10687255859375
34,33.436733,0.5632667541503906,0.5632667541503906
16,15.881082,0.11891841888427734,0.11891841888427734
7,7.0170956,-0.017095565795898438,0.017095565795898438
16,16.156895,-0.15689468383789062,0.15689468383789062
324,327.5412,-3.54119873046875,3.54119873046875
214,210.27597,3.724029541015625,3.724029541015625
404,402.51672,1.4832763671875,1.4832763671875
188,189.2528,-1.2528076171875,1.2528076171875
15,14.473056,0.5269441604614258,0.5269441604614258
113,113.51304,-0.5130386352539062,0.5130386352539062
5,4.982138,0.01786184310913086,0.01786184310913086
248,245.57697,2.42303466796875,2.42303466796875
687,675.7054,11.29461669921875,11.29461669921875
84,83.456245,0.5437545776367188,0.5437545776367188
507,510.52402,-3.524017333984375,3.524017333984375
197,194.2993,2.7006988525390625,2.7006988525390625
71,72.40124,-1.4012374877929688,1.4012374877929688
15,14.760048,0.23995208740234375,0.23995208740234375
141,136.43744,4.56256103515625,4.56256103515625
452,425.4561,26.543914794921875,26.543914794921875
260,258.58316,1.416839599609375,1.416839599609375
12,12.101756,-0.10175609588623047,0.10175609588623047
114,113.4687,0.5313034057617188,0.5313034057617188
467,466.7624,0.23760986328125,0.23760986328125
94,93.93395,0.06604766845703125,0.06604766845703125
164,165.87762,-1.87762451171875,1.87762451171875
122,122.25733,-0.25733184814453125,0.25733184814453125
27,26.542786,0.45721435546875,0.45721435546875
119,118.90535,0.0946502685546875,0.0946502685546875
122,121.286835,0.713165283203125,0.713165283203125
40,38.331223,1.6687774658203125,1.6687774658203125
188,188.83932,-0.839324951171875,0.839324951171875
448,452.3001,-4.30010986328125,4.30010986328125
269,265.38184,3.6181640625,3.6181640625
216,214.10957,1.8904266357421875,1.8904266357421875
457,459.01492,-2.014923095703125,2.014923095703125
265,269.2236,-4.223602294921875,4.223602294921875
280,249.1014,30.898605346679688,30.898605346679688
364,353.8172,10.18280029296875,10.18280029296875
173,169.98868,3.011322021484375,3.011322021484375
520,544.09906,-24.09906005859375,24.09906005859375
13,12.772038,0.22796154022216797,0.22796154022216797
203,197.55554,5.4444580078125,5.4444580078125
75,76.32938,-1.329376220703125,1.329376220703125
45,47.953327,-2.953327178955078,2.953327178955078
143,146.09557,-3.0955657958984375,3.0955657958984375
365,365.92096,-0.92095947265625,0.92095947265625
10,9.999634,0.0003662109375,0.0003662109375
35,34.254536,0.7454643249511719,0.7454643249511719
288,293.26404,-5.2640380859375,5.2640380859375
136,136.42995,-0.4299468994140625,0.4299468994140625
276,274.36197,1.638031005859375,1.638031005859375
6,5.9399266,0.0600733757019043,0.0600733757019043
331,329.71738,1.282623291015625,1.282623291015625
57,58.038044,-1.0380439758300781,1.0380439758300781
33,32.53744,0.4625587463378906,0.4625587463378906
246,241.62836,4.37164306640625,4.37164306640625
2,1.9987541,0.0012458562850952148,0.0012458562850952148
150,154.06201,-4.06201171875,4.06201171875
3,3.0520427,-0.05204272270202637,0.05204272270202637
25,25.128407,-0.12840652465820312,0.12840652465820312
92,90.277504,1.7224960327148438,1.7224960327148438
8,7.9554033,0.04459667205810547,0.04459667205810547
98,99.03081,-1.0308074951171875,1.0308074951171875
211,210.70941,0.29058837890625,0.29058837890625
355,379.8911,-24.89111328125,24.89111328125
470,479.0209,-9.020904541015625,9.020904541015625
6,6.3944263,-0.3944263458251953,0.3944263458251953
184,186.32481,-2.3248138427734375,2.3248138427734375
457,452.91696,4.083038330078125,4.083038330078125
52,51.68396,0.3160400390625,0.3160400390625
44,45.32937,-1.3293685913085938,1.3293685913085938
171,169.41248,1.5875244140625,1.5875244140625
116,118.819786,-2.8197860717773438,2.8197860717773438
13,13.156962,-0.15696239471435547,0.15696239471435547
220,218.3778,1.6221923828125,1.6221923828125
163,163.36417,-0.364166259765625,0.364166259765625
135,133.7038,1.29620361328125,1.29620361328125
93,93.87286,-0.87286376953125,0.87286376953125
259,252.51172,6.48828125,6.48828125
316,311.80417,4.195831298828125,4.195831298828125
13,13.117656,-0.11765575408935547,0.11765575408935547
38,36.806377,1.1936225891113281,1.1936225891113281
71,69.5751,1.424896240234375,1.424896240234375
17,16.851568,0.14843177795410156,0.14843177795410156
108,106.253426,1.7465744018554688,1.7465744018554688
259,258.6391,0.36090087890625,0.36090087890625
589,567.458,21.5419921875,21.5419921875
181,178.32758,2.67242431640625,2.67242431640625
97,95.033264,1.96673583984375,1.96673583984375
35,34.239773,0.7602272033691406,0.7602272033691406
3,2.9798667,0.020133256912231445,0.020133256912231445
15,15.382165,-0.38216495513916016,0.38216495513916016
64,65.43014,-1.4301376342773438,1.4301376342773438
260,263.29205,-3.29205322265625,3.29205322265625
244,245.92516,-1.9251556396484375,1.9251556396484375
43,43.5893,-0.5892982482910156,0.5892982482910156
60,60.905155,-0.9051551818847656,0.9051551818847656
179,185.55403,-6.5540313720703125,6.5540313720703125
360,358.48938,1.5106201171875,1.5106201171875
34,33.29976,0.7002410888671875,0.7002410888671875
276,272.5209,3.479095458984375,3.479095458984375
92,94.61245,-2.6124496459960938,2.6124496459960938
432,442.3034,-10.30340576171875,10.30340576171875
285,298.26935,-13.26934814453125,13.26934814453125
55,54.757168,0.24283218383789062,0.24283218383789062
90,90.25624,-0.2562408447265625,0.2562408447265625
217,213.21837,3.7816314697265625,3.7816314697265625
681,685.39215,-4.39215087890625,4.39215087890625
25,24.869741,0.13025856018066406,0.13025856018066406
83,83.112785,-0.11278533935546875,0.11278533935546875
285,287.9506,-2.950592041015625,2.950592041015625
165,166.41557,-1.4155731201171875,1.4155731201171875
173,175.94832,-2.9483184814453125,2.9483184814453125
5,5.116512,-0.11651182174682617,0.11651182174682617
25,25.314125,-0.31412506103515625,0.31412506103515625
712,687.8181,24.181884765625,24.181884765625
569,564.25446,4.74554443359375,4.74554443359375
209,209.8986,-0.8986053466796875,0.8986053466796875
55,55.96867,-0.9686698913574219,0.9686698913574219
9,8.846584,0.15341567993164062,0.15341567993164062
2,2.0038593,-0.003859281539916992,0.003859281539916992
91,89.74809,1.2519073486328125,1.2519073486328125
99,100.586975,-1.58697509765625,1.58697509765625
32,31.944927,0.055072784423828125,0.055072784423828125
153,154.72606,-1.7260589599609375,1.7260589599609375
236,241.10065,-5.10064697265625,5.10064697265625
2,1.9776797,0.022320270538330078,0.022320270538330078
261,262.8771,-1.877105712890625,1.877105712890625
109,106.65891,2.3410873413085938,2.3410873413085938
29,28.167065,0.8329353332519531,0.8329353332519531
14,14.162797,-0.1627969741821289,0.1627969741821289
121,120.75903,0.240966796875,0.240966796875
110,109.955086,0.04491424560546875,0.04491424560546875
95,95.05212,-0.05211639404296875,0.05211639404296875
57,57.600185,-0.6001853942871094,0.6001853942871094
402,412.66855,-10.668548583984375,10.668548583984375
51,52.65952,-1.6595191955566406,1.6595191955566406
665,649.0735,15.926513671875,15.926513671875
341,338.09326,2.90673828125,2.90673828125
16,16.396994,-0.39699363708496094,0.39699363708496094
11,11.235526,-0.23552608489990234,0.23552608489990234
248,243.37209,4.6279144287109375,4.6279144287109375
416,400.28644,15.71356201171875,15.71356201171875
295,290.00662,4.993377685546875,4.993377685546875
450,451.2016,-1.20159912109375,1.20159912109375
464,467.26068,-3.26068115234375,3.26068115234375
349,342.74988,6.2501220703125,6.2501220703125
239,234.82886,4.171142578125,4.171142578125
168,169.74052,-1.7405242919921875,1.7405242919921875
270,272.4419,-2.44189453125,2.44189453125
123,122.69798,0.3020172119140625,0.3020172119140625
186,192.83813,-6.838134765625,6.838134765625
218,215.90627,2.0937347412109375,2.0937347412109375
52,51.08265,0.9173507690429688,0.9173507690429688
359,354.50806,4.491943359375,4.491943359375
5,5.0533376,-0.05333757400512695,0.05333757400512695
339,331.23755,7.762451171875,7.762451171875
366,364.39493,1.605072021484375,1.605072021484375
287,290.9197,-3.919708251953125,3.919708251953125
168,170.84384,-2.843841552734375,2.843841552734375
84,81.53164,2.4683609008789062,2.4683609008789062
57,55.14612,1.8538818359375,1.8538818359375
40,39.176563,0.8234367370605469,0.8234367370605469
4,3.9691021,0.030897855758666992,0.030897855758666992
190,192.36362,-2.363616943359375,2.363616943359375
199,196.5874,2.41259765625,2.41259765625
114,111.74777,2.252227783203125,2.252227783203125
2,2.036158,-0.036158084869384766,0.036158084869384766
238,236.97102,1.0289764404296875,1.0289764404296875
205,202.13113,2.868865966796875,2.868865966796875
2,2.2372978,-0.23729777336120605,0.23729777336120605
300,304.1172,-4.1171875,4.1171875
668,661.8546,6.1453857421875,6.1453857421875
118,120.7246,-2.7246017456054688,2.7246017456054688
2,2.0013864,-0.001386404037475586,0.001386404037475586
267,268.96896,-1.968963623046875,1.968963623046875
281,274.7689,6.231109619140625,6.231109619140625
3,3.4768913,-0.47689127922058105,0.47689127922058105
13,13.516937,-0.516937255859375,0.516937255859375
181,178.0736,2.9264068603515625,2.9264068603515625
180,175.99208,4.0079193115234375,4.0079193115234375
6,6.1584063,-0.15840625762939453,0.15840625762939453
178,182.93187,-4.9318695068359375,4.9318695068359375
160,160.19307,-0.1930694580078125,0.1930694580078125
255,252.23756,2.7624359130859375,2.7624359130859375
497,502.75522,-5.755218505859375,5.755218505859375
318,318.05118,-0.051177978515625,0.051177978515625
8,7.8714495,0.12855052947998047,0.12855052947998047
180,178.89497,1.1050262451171875,1.1050262451171875
55,57.162426,-2.162425994873047,2.162425994873047
445,433.99164,11.00836181640625,11.00836181640625
76,76.08833,-0.0883331298828125,0.0883331298828125
257,254.04462,2.95538330078125,2.95538330078125
20,20.733965,-0.7339649200439453,0.7339649200439453
239,232.75684,6.2431640625,6.2431640625
73,78.138214,-5.138214111328125,5.138214111328125
47,47.49887,-0.498870849609375,0.498870849609375
237,231.92448,5.0755157470703125,5.0755157470703125
3,3.0644135,-0.06441354751586914,0.06441354751586914
388,393.70837,-5.7083740234375,5.7083740234375
341,355.86475,-14.86474609375,14.86474609375
366,361.8106,4.18939208984375,4.18939208984375
374,370.27344,3.7265625,3.7265625
372,370.05432,1.9456787109375,1.9456787109375
95,96.01941,-1.0194091796875,1.0194091796875
75,74.25381,0.7461929321289062,0.7461929321289062
164,166.10599,-2.105987548828125,2.105987548828125
17,17.10153,-0.10153007507324219,0.10153007507324219
10,9.94769,0.05230998992919922,0.05230998992919922
220,222.29753,-2.2975311279296875,2.2975311279296875
28,27.763252,0.23674774169921875,0.23674774169921875
281,276.06262,4.9373779296875,4.9373779296875
128,127.36448,0.6355209350585938,0.6355209350585938
352,343.41602,8.583984375,8.583984375
77,76.42895,0.5710525512695312,0.5710525512695312
281,273.43326,7.566741943359375,7.566741943359375
2,2.071856,-0.07185602188110352,0.07185602188110352
20,19.786158,0.21384239196777344,0.21384239196777344
76,76.22275,-0.222747802734375,0.222747802734375
421,415.5642,5.435791015625,5.435791015625
184,182.97284,1.02716064453125,1.02716064453125
64,65.307846,-1.3078460693359375,1.3078460693359375
199,201.20096,-2.200958251953125,2.200958251953125
24,23.750473,0.2495269775390625,0.2495269775390625
63,63.292744,-0.2927436828613281,0.2927436828613281
806,823.0791,-17.0791015625,17.0791015625
37,36.408268,0.5917320251464844,0.5917320251464844
85,85.690865,-0.6908645629882812,0.6908645629882812
175,173.21814,1.7818603515625,1.7818603515625
483,488.34927,-5.349273681640625,5.349273681640625
69,66.95021,2.0497894287109375,2.0497894287109375
114,112.801025,1.198974609375,1.198974609375
47,46.98097,0.019031524658203125,0.019031524658203125
83,83.28256,-0.282562255859375,0.282562255859375
43,46.988506,-3.988506317138672,3.988506317138672
54,54.597668,-0.5976676940917969,0.5976676940917969
369,361.16104,7.838958740234375,7.838958740234375
7,7.0670466,-0.0670466423034668,0.0670466423034668
497,484.78198,12.218017578125,12.218017578125
509,518.4604,-9.46038818359375,9.46038818359375
334,325.56268,8.43731689453125,8.43731689453125
275,270.70782,4.29217529296875,4.29217529296875
172,168.00537,3.99462890625,3.99462890625
92,92.908516,-0.9085159301757812,0.9085159301757812
76,74.48939,1.5106124877929688,1.5106124877929688
136,135.95938,0.040618896484375,0.040618896484375
192,192.96753,-0.967529296875,0.967529296875
175,171.62149,3.378509521484375,3.378509521484375
296,294.97745,1.022552490234375,1.022552490234375
222,215.14311,6.8568878173828125,6.8568878173828125
23,22.979107,0.020893096923828125,0.020893096923828125
374,388.01645,-14.016448974609375,14.016448974609375
12,11.929366,0.0706338882446289,0.0706338882446289
123,124.75125,-1.751251220703125,1.751251220703125
335,340.71344,-5.71343994140625,5.71343994140625
227,224.76552,2.2344818115234375,2.2344818115234375
6,5.8271666,0.17283344268798828,0.17283344268798828
172,179.73117,-7.731170654296875,7.731170654296875
387,389.73642,-2.736419677734375,2.736419677734375
105,103.8037,1.1962966918945312,1.1962966918945312
662,629.2723,32.72772216796875,32.72772216796875
29,29.283625,-0.28362464904785156,0.28362464904785156
236,235.3065,0.6934967041015625,0.6934967041015625
127,124.953995,2.0460052490234375,2.0460052490234375
266,264.84744,1.152557373046875,1.152557373046875
31,30.794605,0.20539474487304688,0.20539474487304688
29,28.760963,0.23903656005859375,0.23903656005859375
111,112.93253,-1.9325332641601562,1.9325332641601562
104,109.24409,-5.244087219238281,5.244087219238281
102,101.99289,0.007110595703125,0.007110595703125
509,501.68994,7.31005859375,7.31005859375
233,235.04056,-2.040557861328125,2.040557861328125
30,29.526875,0.4731254577636719,0.4731254577636719
14,14.34529,-0.3452901840209961,0.3452901840209961
8,7.8849363,0.11506366729736328,0.11506366729736328
480,484.0432,-4.043212890625,4.043212890625
4,4.027629,-0.02762889862060547,0.02762889862060547
305,311.3361,-6.336090087890625,6.336090087890625
33,32.893883,0.10611724853515625,0.10611724853515625
66,65.3643,0.6356964111328125,0.6356964111328125
263,256.24854,6.75146484375,6.75146484375
176,175.27452,0.7254791259765625,0.7254791259765625
10,9.813552,0.1864480972290039,0.1864480972290039
63,63.01287,-0.01287078857421875,0.01287078857421875
343,343.83893,-0.83892822265625,0.83892822265625
52,52.998707,-0.9987068176269531,0.9987068176269531
67,70.30876,-3.3087615966796875,3.3087615966796875
3,3.1547596,-0.15475964546203613,0.15475964546203613
8,8.361257,-0.36125659942626953,0.36125659942626953
59,58.602856,0.3971443176269531,0.3971443176269531
95,95.77379,-0.7737884521484375,0.7737884521484375
378,382.0523,-4.05230712890625,4.05230712890625
42,45.354298,-3.354297637939453,3.354297637939453
235,235.25339,-0.253387451171875,0.253387451171875
91,92.08207,-1.0820693969726562,1.0820693969726562
224,220.5655,3.4344940185546875,3.4344940185546875
267,260.17874,6.821258544921875,6.821258544921875
277,273.9197,3.080291748046875,3.080291748046875
16,16.022787,-0.022787094116210938,0.022787094116210938
63,63.560158,-0.5601577758789062,0.5601577758789062
970,886.86804,83.1319580078125,83.1319580078125
162,159.78238,2.217620849609375,2.217620849609375
19,19.50291,-0.5029106140136719,0.5029106140136719
99,95.98406,3.0159378051757812,3.0159378051757812
383,384.08755,-1.087554931640625,1.087554931640625
108,109.06213,-1.0621337890625,1.0621337890625
7,6.9934306,0.006569385528564453,0.006569385528564453
136,135.19609,0.8039093017578125,0.8039093017578125
106,106.6078,-0.6078033447265625,0.6078033447265625
91,89.77992,1.2200775146484375,1.2200775146484375
78,78.28393,-0.28392791748046875,0.28392791748046875
343,344.87366,-1.8736572265625,1.8736572265625
221,218.9529,2.0471038818359375,2.0471038818359375
435,429.08847,5.911529541015625,5.911529541015625
2,2.0663834,-0.06638336181640625,0.06638336181640625
188,181.6102,6.389801025390625,6.389801025390625
407,396.11484,10.885162353515625,10.885162353515625
16,16.36317,-0.3631706237792969,0.3631706237792969
102,102.14608,-0.14608001708984375,0.14608001708984375
167,167.48714,-0.4871368408203125,0.4871368408203125
161,161.99554,-0.99554443359375,0.99554443359375
89,89.69178,-0.6917800903320312,0.6917800903320312
188,187.96179,0.0382080078125,0.0382080078125
101,102.03399,-1.0339889526367188,1.0339889526367188
287,298.31973,-11.319732666015625,11.319732666015625
63,62.809303,0.19069671630859375,0.19069671630859375
16,16.317024,-0.31702423095703125,0.31702423095703125
193,192.73145,0.2685546875,0.2685546875
8,7.890857,0.10914278030395508,0.10914278030395508
6,5.990516,0.009483814239501953,0.009483814239501953
62,63.699905,-1.6999053955078125,1.6999053955078125
63,63.030857,-0.030857086181640625,0.030857086181640625
117,118.14209,-1.14208984375,1.14208984375
236,236.16838,-0.1683807373046875,0.1683807373046875
858,865.7497,-7.74969482421875,7.74969482421875
2,2.0281029,-0.028102874755859375,0.028102874755859375
668,671.2494,-3.2493896484375,3.2493896484375
242,238.60306,3.396942138671875,3.396942138671875
102,102.76136,-0.7613601684570312,0.7613601684570312
59,59.741512,-0.7415122985839844,0.7415122985839844
161,160.27454,0.7254638671875,0.7254638671875
130,127.41876,2.58123779296875,2.58123779296875
168,166.3228,1.6772003173828125,1.6772003173828125
13,13.164132,-0.16413211822509766,0.16413211822509766
822,833.8226,-11.82257080078125,11.82257080078125
229,226.34831,2.6516876220703125,2.6516876220703125
10,10.030687,-0.030687332153320312,0.030687332153320312
362,363.22775,-1.227752685546875,1.227752685546875
201,204.76308,-3.7630767822265625,3.7630767822265625
256,251.37791,4.6220855712890625,4.6220855712890625
382,368.4084,13.59161376953125,13.59161376953125
124,123.46476,0.5352401733398438,0.5352401733398438
84,83.531296,0.4687042236328125,0.4687042236328125
73,71.65456,1.3454437255859375,1.3454437255859375
57,57.58847,-0.588470458984375,0.588470458984375
46,46.13064,-0.13063812255859375,0.13063812255859375
498,506.03998,-8.03997802734375,8.03997802734375
4,4.1694236,-0.16942358016967773,0.16942358016967773
8,7.797702,0.20229816436767578,0.20229816436767578
102,103.47448,-1.4744796752929688,1.4744796752929688
216,218.70218,-2.702178955078125,2.702178955078125
6,6.0429344,-0.042934417724609375,0.042934417724609375
16,16.11986,-0.11985969543457031,0.11985969543457031
16,16.066843,-0.06684303283691406,0.06684303283691406
16,15.816432,0.18356800079345703,0.18356800079345703
282,277.35962,4.640380859375,4.640380859375
430,434.88507,-4.88507080078125,4.88507080078125
39,38.116062,0.8839378356933594,0.8839378356933594
308,315.2696,-7.26959228515625,7.26959228515625
20,19.797327,0.20267295837402344,0.20267295837402344
2,1.966193,0.03380703926086426,0.03380703926086426
473,467.71896,5.281036376953125,5.281036376953125
208,207.36458,0.6354217529296875,0.6354217529296875
27,27.317999,-0.31799888610839844,0.31799888610839844
265,267.65222,-2.6522216796875,2.6522216796875
64,62.85922,1.1407814025878906,1.1407814025878906
249,244.08989,4.9101104736328125,4.9101104736328125
374,371.26782,2.732177734375,2.732177734375
11,11.025172,-0.02517223358154297,0.02517223358154297
76,76.01897,-0.0189666748046875,0.0189666748046875
153,153.44363,-0.443634033203125,0.443634033203125
39,36.986717,2.0132827758789062,2.0132827758789062
542,542.83844,-0.83843994140625,0.83843994140625
424,413.6558,10.344207763671875,10.344207763671875
245,248.99333,-3.9933319091796875,3.9933319091796875
233,230.06102,2.9389801025390625,2.9389801025390625
178,172.0686,5.931396484375,5.931396484375
31,31.695854,-0.6958541870117188,0.6958541870117188
34,34.41719,-0.4171905517578125,0.4171905517578125
108,108.29343,-0.293426513671875,0.293426513671875
53,52.330376,0.6696243286132812,0.6696243286132812
64,64.858406,-0.8584060668945312,0.8584060668945312
212,212.75833,-0.758331298828125,0.758331298828125
40,39.12534,0.8746604919433594,0.8746604919433594
6,6.148428,-0.14842796325683594,0.14842796325683594
77,76.60258,0.39742279052734375,0.39742279052734375
87,86.19645,0.8035507202148438,0.8035507202148438
382,382.45996,-0.4599609375,0.4599609375
97,96.56707,0.43292999267578125,0.43292999267578125
318,313.89755,4.102447509765625,4.102447509765625
172,171.59737,0.4026336669921875,0.4026336669921875
1,1.1092432,-0.10924315452575684,0.10924315452575684
4,4.2670026,-0.26700258255004883,0.26700258255004883
4,3.9886463,0.011353731155395508,0.011353731155395508
12,12.062154,-0.06215381622314453,0.06215381622314453
202,202.20772,-0.2077178955078125,0.2077178955078125
12,12.146656,-0.14665603637695312,0.14665603637695312
272,270.57687,1.423126220703125,1.423126220703125
410,413.358,-3.358001708984375,3.358001708984375
76,75.76427,0.2357330322265625,0.2357330322265625
321,314.76157,6.238433837890625,6.238433837890625
571,570.7305,0.26947021484375,0.26947021484375
115,117.63575,-2.6357498168945312,2.6357498168945312
6,5.988015,0.011984825134277344,0.011984825134277344
216,214.84027,1.15972900390625,1.15972900390625
1,1.0915864,-0.09158635139465332,0.09158635139465332
305,301.9858,3.014190673828125,3.014190673828125
263,261.22748,1.77252197265625,1.77252197265625
446,442.1725,3.8275146484375,3.8275146484375
48,49.22367,-1.2236709594726562,1.2236709594726562
130,126.26556,3.7344436645507812,3.7344436645507812
380,380.7333,-0.733306884765625,0.733306884765625
74,74.224075,-0.2240753173828125,0.2240753173828125
160,160.29272,-0.292724609375,0.292724609375
11,11.434467,-0.4344673156738281,0.4344673156738281
10,10.262992,-0.26299190521240234,0.26299190521240234
10,9.924716,0.07528400421142578,0.07528400421142578
282,274.20895,7.791046142578125,7.791046142578125
72,72.13203,-0.13202667236328125,0.13202667236328125
386,371.5333,14.466705322265625,14.466705322265625
316,314.96014,1.03985595703125,1.03985595703125
2,2.0672204,-0.06722044944763184,0.06722044944763184
525,525.6673,-0.66729736328125,0.66729736328125
30,29.432835,0.5671653747558594,0.5671653747558594
55,56.287697,-1.2876968383789062,1.2876968383789062
234,230.38196,3.6180419921875,3.6180419921875
444,449.74756,-5.74755859375,5.74755859375
127,127.32407,-0.32407379150390625,0.32407379150390625
241,237.60048,3.3995208740234375,3.3995208740234375
149,148.18353,0.81646728515625,0.81646728515625
299,308.62613,-9.626129150390625,9.626129150390625
18,18.043694,-0.04369354248046875,0.04369354248046875
147,146.93158,0.06842041015625,0.06842041015625
593,583.0896,9.910400390625,9.910400390625
142,146.29759,-4.2975921630859375,4.2975921630859375
6,5.9802613,0.01973867416381836,0.01973867416381836
427,415.19717,11.802825927734375,11.802825927734375
371,373.9396,-2.939605712890625,2.939605712890625
414,408.72086,5.279144287109375,5.279144287109375
259,261.48358,-2.48358154296875,2.48358154296875
171,170.20491,0.7950897216796875,0.7950897216796875
354,361.60736,-7.60736083984375,7.60736083984375
412,411.7851,0.21490478515625,0.21490478515625
399,405.01807,-6.01806640625,6.01806640625
299,304.70218,-5.702178955078125,5.702178955078125
121,121.62391,-0.6239089965820312,0.6239089965820312
520,516.5798,3.42022705078125,3.42022705078125
4,4.1300745,-0.13007450103759766,0.13007450103759766
126,125.9464,0.05359649658203125,0.05359649658203125
466,474.00763,-8.00762939453125,8.00762939453125
3,3.0447805,-0.04478049278259277,0.04478049278259277
129,130.03073,-1.030731201171875,1.030731201171875
228,229.19785,-1.197845458984375,1.197845458984375
494,490.94012,3.05987548828125,3.05987548828125
102,102.19966,-0.1996612548828125,0.1996612548828125
5,5.009572,-0.009572029113769531,0.009572029113769531
1,1.1373193,-0.13731932640075684,0.13731932640075684
49,50.846542,-1.8465423583984375,1.8465423583984375
627,638.1968,-11.19677734375,11.19677734375
216,218.68329,-2.68328857421875,2.68328857421875
224,222.13101,1.868988037109375,1.868988037109375
133,132.15721,0.8427886962890625,0.8427886962890625
1,1.3727411,-0.37274110317230225,0.37274110317230225
256,253.0262,2.9738006591796875,2.9738006591796875
3,3.0467622,-0.04676222801208496,0.04676222801208496
53,52.003716,0.9962844848632812,0.9962844848632812
579,589.2759,-10.27587890625,10.27587890625
32,32.144436,-0.14443588256835938,0.14443588256835938
183,182.70036,0.2996368408203125,0.2996368408203125
121,118.01399,2.9860076904296875,2.9860076904296875
487,483.94717,3.052825927734375,3.052825927734375
222,240.53035,-18.530349731445312,18.530349731445312
296,296.13647,-0.136474609375,0.136474609375
330,326.23846,3.76153564453125,3.76153564453125
228,228.10803,-0.1080322265625,0.1080322265625
12,12.063595,-0.06359481811523438,0.06359481811523438
187,187.38023,-0.3802337646484375,0.3802337646484375
256,252.22832,3.7716827392578125,3.7716827392578125
4,4.0480456,-0.04804563522338867,0.04804563522338867
333,333.74652,-0.74652099609375,0.74652099609375
128,128.3468,-0.3468017578125,0.3468017578125
7,7.0145655,-0.014565467834472656,0.014565467834472656
119,119.69347,-0.6934661865234375,0.6934661865234375
117,113.537605,3.4623947143554688,3.4623947143554688
790,808.46155,-18.4615478515625,18.4615478515625
1,0.9977938,0.0022062063217163086,0.0022062063217163086
54,54.29278,-0.2927818298339844,0.2927818298339844
170,171.08357,-1.0835723876953125,1.0835723876953125
104,104.36382,-0.36382293701171875,0.36382293701171875
14,13.540308,0.45969200134277344,0.45969200134277344
312,315.63177,-3.63177490234375,3.63177490234375
176,177.2313,-1.231292724609375,1.231292724609375
1,1.1759243,-0.17592430114746094,0.17592430114746094
108,106.97485,1.025146484375,1.025146484375
75,75.03075,-0.0307464599609375,0.0307464599609375
149,154.28072,-5.2807159423828125,5.2807159423828125
571,583.2206,-12.2205810546875,12.2205810546875
181,183.93108,-2.9310760498046875,2.9310760498046875
4,4.1026015,-0.10260152816772461,0.10260152816772461
98,99.557945,-1.5579452514648438,1.5579452514648438
284,291.43622,-7.43621826171875,7.43621826171875
708,710.1474,-2.14739990234375,2.14739990234375
20,19.438974,0.5610256195068359,0.5610256195068359
232,226.82175,5.178253173828125,5.178253173828125
89,90.645065,-1.6450653076171875,1.6450653076171875
607,596.2138,10.78619384765625,10.78619384765625
278,272.25342,5.74658203125,5.74658203125
165,168.01604,-3.0160369873046875,3.0160369873046875
60,59.931705,0.06829452514648438,0.06829452514648438
176,180.05011,-4.05010986328125,4.05010986328125
270,269.00214,0.99786376953125,0.99786376953125
96,93.49226,2.5077362060546875,2.5077362060546875
303,307.40268,-4.402679443359375,4.402679443359375
292,297.4387,-5.438690185546875,5.438690185546875
460,444.72263,15.277374267578125,15.277374267578125
321,328.7317,-7.731689453125,7.731689453125
555,548.6112,6.3887939453125,6.3887939453125
202,203.59761,-1.5976104736328125,1.5976104736328125
123,125.25069,-2.2506866455078125,2.2506866455078125
123,124.23813,-1.238128662109375,1.238128662109375
166,162.99332,3.006683349609375,3.006683349609375
428,432.50458,-4.50457763671875,4.50457763671875
176,181.84436,-5.8443603515625,5.8443603515625
68,69.51538,-1.515380859375,1.515380859375
977,924.95197,52.04803466796875,52.04803466796875
214,207.93465,6.0653533935546875,6.0653533935546875
173,173.95193,-0.951934814453125,0.951934814453125
6,6.422589,-0.4225888252258301,0.4225888252258301
119,118.41199,0.5880126953125,0.5880126953125
101,101.786766,-0.7867660522460938,0.7867660522460938
234,235.49875,-1.498748779296875,1.498748779296875
78,78.88356,-0.8835601806640625,0.8835601806640625
24,24.276337,-0.276336669921875,0.276336669921875
195,193.82559,1.174407958984375,1.174407958984375
126,126.7278,-0.7277984619140625,0.7277984619140625
546,551.2133,-5.21331787109375,5.21331787109375
301,295.6072,5.392791748046875,5.392791748046875
9,9.127187,-0.12718677520751953,0.12718677520751953
272,273.1134,-1.1134033203125,1.1134033203125
179,180.77364,-1.7736358642578125,1.7736358642578125
201,196.99522,4.0047760009765625,4.0047760009765625
456,458.45737,-2.457366943359375,2.457366943359375
205,207.35188,-2.3518829345703125,2.3518829345703125
418,419.7925,-1.792510986328125,1.792510986328125
466,458.49658,7.50341796875,7.50341796875
196,192.16624,3.8337554931640625,3.8337554931640625
12,11.969672,0.030327796936035156,0.030327796936035156
3,3.006783,-0.006783008575439453,0.006783008575439453
466,453.09647,12.903533935546875,12.903533935546875
1,1.1479195,-0.14791953563690186,0.14791953563690186
504,510.19614,-6.196136474609375,6.196136474609375
96,91.25028,4.749717712402344,4.749717712402344
104,111.98228,-7.982276916503906,7.982276916503906
4,3.9842181,0.015781879425048828,0.015781879425048828
32,31.795399,0.20460128784179688,0.20460128784179688
8,8.017313,-0.017313003540039062,0.017313003540039062
150,151.9158,-1.915802001953125,1.915802001953125
382,380.51862,1.48138427734375,1.48138427734375
53,54.53791,-1.5379104614257812,1.5379104614257812
130,129.2995,0.70050048828125,0.70050048828125
21,20.520576,0.47942352294921875,0.47942352294921875
35,35.08325,-0.08324813842773438,0.08324813842773438
14,14.407673,-0.4076728820800781,0.4076728820800781
114,114.54694,-0.5469436645507812,0.5469436645507812
86,86.93126,-0.9312591552734375,0.9312591552734375
305,300.47742,4.5225830078125,4.5225830078125
296,293.0616,2.938385009765625,2.938385009765625
54,53.559887,0.4401130676269531,0.4401130676269531
2,2.0302324,-0.03023242950439453,0.03023242950439453
390,393.06088,-3.060882568359375,3.060882568359375
66,66.63185,-0.6318511962890625,0.6318511962890625
499,502.61783,-3.617828369140625,3.617828369140625
312,318.9083,-6.908294677734375,6.908294677734375
314,319.16138,-5.161376953125,5.161376953125
287,289.5091,-2.50909423828125,2.50909423828125
4,3.9868166,0.013183355331420898,0.013183355331420898
134,132.3665,1.6334991455078125,1.6334991455078125
27,26.24747,0.7525291442871094,0.7525291442871094
124,126.5032,-2.5031967163085938,2.5031967163085938
17,17.49072,-0.4907207489013672,0.4907207489013672
177,176.25485,0.745147705078125,0.745147705078125
2,1.9419067,0.05809330940246582,0.05809330940246582
438,436.56058,1.439422607421875,1.439422607421875
44,44.43353,-0.4335289001464844,0.4335289001464844
255,255.95042,-0.9504241943359375,0.9504241943359375
174,168.31233,5.6876678466796875,5.6876678466796875
21,20.54064,0.45936012268066406,0.45936012268066406
62,64.84806,-2.8480606079101562,2.8480606079101562
5,5.175516,-0.17551612854003906,0.17551612854003906
74,74.37325,-0.37325286865234375,0.37325286865234375
447,425.57904,21.42095947265625,21.42095947265625
1,1.095277,-0.09527695178985596,0.09527695178985596
488,495.44714,-7.4471435546875,7.4471435546875
222,222.94482,-0.94482421875,0.94482421875
331,332.46893,-1.46893310546875,1.46893310546875
242,241.95404,0.04595947265625,0.04595947265625
42,43.673233,-1.6732330322265625,1.6732330322265625
53,54.392105,-1.3921051025390625,1.3921051025390625
234,234.72368,-0.7236785888671875,0.7236785888671875
151,150.7518,0.248199462890625,0.248199462890625
112,108.38543,3.6145706176757812,3.6145706176757812
271,267.19492,3.805084228515625,3.805084228515625
101,102.84428,-1.8442764282226562,1.8442764282226562
284,297.2115,-13.21148681640625,13.21148681640625
517,514.3145,2.68548583984375,2.68548583984375
315,315.77826,-0.77825927734375,0.77825927734375
416,422.7496,-6.749603271484375,6.749603271484375
475,467.90967,7.09033203125,7.09033203125
218,221.77612,-3.776123046875,3.776123046875
101,100.891495,0.1085052490234375,0.1085052490234375
8,7.977519,0.02248096466064453,0.02248096466064453
38,37.675358,0.3246421813964844,0.3246421813964844
856,850.973,5.0269775390625,5.0269775390625
153,158.68977,-5.6897735595703125,5.6897735595703125
8,7.9982014,0.0017986297607421875,0.0017986297607421875
26,25.957586,0.04241371154785156,0.04241371154785156
11,10.94028,0.05972003936767578,0.05972003936767578
185,185.42918,-0.4291839599609375,0.4291839599609375
239,240.05273,-1.052734375,1.052734375
11,10.867771,0.13222885131835938,0.13222885131835938
112,112.09286,-0.09285736083984375,0.09285736083984375
12,12.702073,-0.7020730972290039,0.7020730972290039
40,38.864666,1.1353340148925781,1.1353340148925781
153,154.0538,-1.053802490234375,1.053802490234375
94,97.55101,-3.5510101318359375,3.5510101318359375
189,191.81917,-2.8191680908203125,2.8191680908203125
244,227.03006,16.969940185546875,16.969940185546875
202,206.0725,-4.0724945068359375,4.0724945068359375
306,309.27463,-3.274627685546875,3.274627685546875
51,52.777187,-1.7771873474121094,1.7771873474121094
7,7.0897846,-0.08978462219238281,0.08978462219238281
545,542.3591,2.64093017578125,2.64093017578125
567,581.8135,-14.8134765625,14.8134765625
356,358.42426,-2.42425537109375,2.42425537109375
550,565.34424,-15.34423828125,15.34423828125
13,12.78988,0.21012020111083984,0.21012020111083984
294,297.4329,-3.432891845703125,3.432891845703125
64,66.044205,-2.0442047119140625,2.0442047119140625
83,82.09255,0.9074478149414062,0.9074478149414062
278,269.08453,8.91546630859375,8.91546630859375
478,479.74835,-1.74835205078125,1.74835205078125
136,135.65665,0.343353271484375,0.343353271484375
516,514.60474,1.395263671875,1.395263671875
292,292.7015,-0.701507568359375,0.701507568359375
813,787.7465,25.25347900390625,25.25347900390625
172,172.9784,-0.9783935546875,0.9783935546875
153,155.95091,-2.9509124755859375,2.9509124755859375
78,79.69444,-1.6944427490234375,1.6944427490234375
274,266.71512,7.284881591796875,7.284881591796875
91,89.66399,1.3360137939453125,1.3360137939453125
18,17.701323,0.2986774444580078,0.2986774444580078
148,150.68661,-2.686614990234375,2.686614990234375
157,155.07825,1.9217529296875,1.9217529296875
5,4.9621186,0.03788137435913086,0.03788137435913086
237,238.47476,-1.474761962890625,1.474761962890625
2,2.2626247,-0.26262474060058594,0.26262474060058594
6,5.9761515,0.023848533630371094,0.023848533630371094
33,33.32409,-0.32408905029296875,0.32408905029296875
125,123.41941,1.5805892944335938,1.5805892944335938
87,88.60931,-1.6093063354492188,1.6093063354492188
584,589.674,-5.67401123046875,5.67401123046875
217,214.57423,2.4257659912109375,2.4257659912109375
260,257.31204,2.687957763671875,2.687957763671875
7,7.0560308,-0.0560307502746582,0.0560307502746582
396,397.4975,-1.49749755859375,1.49749755859375
214,213.90495,0.0950469970703125,0.0950469970703125
297,300.62006,-3.62005615234375,3.62005615234375
785,799.4655,-14.46551513671875,14.46551513671875
32,31.66943,0.3305702209472656,0.3305702209472656
11,11.049311,-0.04931068420410156,0.04931068420410156
162,158.79912,3.2008819580078125,3.2008819580078125
141,136.6444,4.3556060791015625,4.3556060791015625
134,133.43173,0.568267822265625,0.568267822265625
98,95.03513,2.9648666381835938,2.9648666381835938
531,539.35724,-8.35723876953125,8.35723876953125
99,100.47782,-1.4778213500976562,1.4778213500976562
391,381.0045,9.995513916015625,9.995513916015625
222,220.95792,1.042083740234375,1.042083740234375
293,292.8542,0.14581298828125,0.14581298828125
313,319.81082,-6.810821533203125,6.810821533203125
272,268.69244,3.30755615234375,3.30755615234375
187,184.20842,2.7915802001953125,2.7915802001953125
10,10.089548,-0.08954811096191406,0.08954811096191406
11,10.878667,0.12133312225341797,0.12133312225341797
554,547.9556,6.04437255859375,6.04437255859375
8,7.917839,0.08216094970703125,0.08216094970703125
450,454.99927,-4.999267578125,4.999267578125
155,157.39923,-2.39923095703125,2.39923095703125
209,211.05612,-2.056121826171875,2.056121826171875
86,85.93374,0.06626129150390625,0.06626129150390625
183,181.5765,1.423492431640625,1.423492431640625
58,56.952187,1.0478134155273438,1.0478134155273438
3,2.9972088,0.002791166305541992,0.002791166305541992
191,191.65118,-0.65118408203125,0.65118408203125
482,467.93283,14.067169189453125,14.067169189453125
19,19.32509,-0.3250904083251953,0.3250904083251953
258,264.30423,-6.304229736328125,6.304229736328125
1,1.1031963,-0.10319626331329346,0.10319626331329346
140,131.73679,8.263214111328125,8.263214111328125
175,176.81972,-1.8197174072265625,1.8197174072265625
322,326.07898,-4.0789794921875,4.0789794921875
385,389.64215,-4.64215087890625,4.64215087890625
299,303.13895,-4.138946533203125,4.138946533203125
36,34.675068,1.3249320983886719,1.3249320983886719
214,210.98964,3.0103607177734375,3.0103607177734375
314,312.2379,1.7620849609375,1.7620849609375
3,3.0222318,-0.0222318172454834,0.0222318172454834
168,166.22107,1.7789306640625,1.7789306640625
306,301.80234,4.197662353515625,4.197662353515625
9,8.783794,0.21620559692382812,0.21620559692382812
397,454.55832,-57.558319091796875,57.558319091796875
12,11.750158,0.24984169006347656,0.24984169006347656
40,39.411556,0.5884437561035156,0.5884437561035156
136,136.16922,-0.169219970703125,0.169219970703125
277,268.0136,8.98638916015625,8.98638916015625
11,10.934269,0.06573104858398438,0.06573104858398438
275,265.0703,9.9296875,9.9296875
556,554.86316,1.1368408203125,1.1368408203125
5,5.0398183,-0.03981828689575195,0.03981828689575195
24,24.525393,-0.5253925323486328,0.5253925323486328
53,52.18292,0.8170814514160156,0.8170814514160156
274,265.77887,8.22113037109375,8.22113037109375
30,30.427197,-0.4271965026855469,0.4271965026855469
47,46.36988,0.6301193237304688,0.6301193237304688
1,1.4078021,-0.40780210494995117,0.40780210494995117
455,492.4034,-37.403411865234375,37.403411865234375
11,11.776385,-0.7763853073120117,0.7763853073120117
747,745.3537,1.64630126953125,1.64630126953125
182,181.85837,0.141632080078125,0.141632080078125
253,247.64484,5.35516357421875,5.35516357421875
117,117.85449,-0.8544921875,0.8544921875
154,154.10161,-0.1016082763671875,0.1016082763671875
671,662.7935,8.20648193359375,8.20648193359375
606,620.53986,-14.53985595703125,14.53985595703125
17,17.191645,-0.19164466857910156,0.19164466857910156
276,273.59143,2.4085693359375,2.4085693359375
137,132.84026,4.1597442626953125,4.1597442626953125
109,111.254,-2.253997802734375,2.253997802734375
363,379.1763,-16.176300048828125,16.176300048828125
46,48.850292,-2.850292205810547,2.850292205810547
793,801.47003,-8.47003173828125,8.47003173828125
1,1.0987186,-0.09871864318847656,0.09871864318847656
77,76.35491,0.6450881958007812,0.6450881958007812
39,38.107803,0.8921966552734375,0.8921966552734375
113,114.58635,-1.5863494873046875,1.5863494873046875
184,182.81346,1.1865386962890625,1.1865386962890625
309,300.36047,8.6395263671875,8.6395263671875
95,95.39951,-0.39951324462890625,0.39951324462890625
150,149.42387,0.5761260986328125,0.5761260986328125
463,453.9701,9.0299072265625,9.0299072265625
72,72.89877,-0.898773193359375,0.898773193359375
408,403.44577,4.554229736328125,4.554229736328125
441,442.55624,-1.556243896484375,1.556243896484375
14,13.976012,0.023987770080566406,0.023987770080566406
101,102.5901,-1.5901031494140625,1.5901031494140625
276,274.19974,1.800262451171875,1.800262451171875
55,54.900845,0.09915542602539062,0.09915542602539062
3,2.965013,0.03498697280883789,0.03498697280883789
39,37.449265,1.5507354736328125,1.5507354736328125
5,4.9976315,0.002368450164794922,0.002368450164794922
411,408.00012,2.9998779296875,2.9998779296875
56,57.24365,-1.2436485290527344,1.2436485290527344
117,116.32806,0.6719436645507812,0.6719436645507812
310,303.48718,6.5128173828125,6.5128173828125
142,144.89252,-2.89251708984375,2.89251708984375
82,85.9059,-3.9058990478515625,3.9058990478515625
106,110.21392,-4.213920593261719,4.213920593261719
18,17.780396,0.2196044921875,0.2196044921875
64,63.434605,0.5653953552246094,0.5653953552246094
240,238.97182,1.0281829833984375,1.0281829833984375
315,309.03845,5.9615478515625,5.9615478515625
8,7.972583,0.02741718292236328,0.02741718292236328
311,310.93924,0.060760498046875,0.060760498046875
569,556.0707,12.9293212890625,12.9293212890625
133,130.65157,2.3484344482421875,2.3484344482421875
68,71.379166,-3.3791656494140625,3.3791656494140625
3,3.100032,-0.10003209114074707,0.10003209114074707
299,298.20642,0.7935791015625,0.7935791015625
86,86.57138,-0.571380615234375,0.571380615234375
5,5.0193667,-0.019366741180419922,0.019366741180419922
457,452.9276,4.0723876953125,4.0723876953125
431,425.67618,5.323822021484375,5.323822021484375
136,135.34615,0.6538543701171875,0.6538543701171875
78,77.195656,0.8043441772460938,0.8043441772460938
534,535.41327,-1.41326904296875,1.41326904296875
11,11.109173,-0.10917282104492188,0.10917282104492188
338,334.75555,3.24444580078125,3.24444580078125
72,73.43628,-1.436279296875,1.436279296875
11,10.887666,0.1123342514038086,0.1123342514038086
10,9.876853,0.12314701080322266,0.12314701080322266
179,177.4051,1.5948944091796875,1.5948944091796875
71,72.03673,-1.0367279052734375,1.0367279052734375
365,366.88943,-1.889434814453125,1.889434814453125
27,26.861471,0.13852882385253906,0.13852882385253906
5,4.958679,0.04132080078125,0.04132080078125
105,104.7481,0.25189971923828125,0.25189971923828125
28,27.841087,0.15891265869140625,0.15891265869140625
140,138.37537,1.6246337890625,1.6246337890625
267,260.89304,6.106964111328125,6.106964111328125
97,95.71026,1.2897415161132812,1.2897415161132812
209,207.41263,1.587371826171875,1.587371826171875
7,6.9390736,0.06092643737792969,0.06092643737792969
279,271.73303,7.2669677734375,7.2669677734375
118,119.853455,-1.85345458984375,1.85345458984375
17,17.360891,-0.36089134216308594,0.36089134216308594
463,469.92294,-6.922943115234375,6.922943115234375
87,86.78984,0.2101593017578125,0.2101593017578125
107,108.326775,-1.3267745971679688,1.3267745971679688
491,497.59164,-6.591644287109375,6.591644287109375
29,28.904203,0.09579658508300781,0.09579658508300781
22,22.264542,-0.2645416259765625,0.2645416259765625
49,49.914814,-0.9148139953613281,0.9148139953613281
418,423.15955,-5.1595458984375,5.1595458984375
120,120.76277,-0.7627716064453125,0.7627716064453125
145,151.21928,-6.2192840576171875,6.2192840576171875
759,772.62427,-13.624267578125,13.624267578125
279,272.31396,6.68603515625,6.68603515625
51,52.001637,-1.0016365051269531,1.0016365051269531
60,60.623676,-0.6236763000488281,0.6236763000488281
5,5.008607,-0.008606910705566406,0.008606910705566406
839,790.7496,48.25042724609375,48.25042724609375
191,198.3896,-7.3896026611328125,7.3896026611328125
73,72.984566,0.01543426513671875,0.01543426513671875
13,13.525481,-0.5254812240600586,0.5254812240600586
56,56.874805,-0.8748054504394531,0.8748054504394531
54,51.632103,2.3678970336914062,2.3678970336914062
47,46.921326,0.07867431640625,0.07867431640625
1,1.1017376,-0.1017376184463501,0.1017376184463501
93,94.84516,-1.8451614379882812,1.8451614379882812
337,335.77747,1.2225341796875,1.2225341796875
83,87.12445,-4.12445068359375,4.12445068359375
232,229.92876,2.0712432861328125,2.0712432861328125
112,110.57335,1.4266510009765625,1.4266510009765625
66,66.25795,-0.2579498291015625,0.2579498291015625
95,95.656265,-0.6562652587890625,0.6562652587890625
585,571.3737,13.62628173828125,13.62628173828125
57,55.0976,1.9024009704589844,1.9024009704589844
62,64.55562,-2.5556182861328125,2.5556182861328125
42,48.06296,-6.062961578369141,6.062961578369141
433,428.09482,4.905181884765625,4.905181884765625
48,49.47798,-1.4779815673828125,1.4779815673828125
153,154.54773,-1.5477294921875,1.5477294921875
209,214.64096,-5.640960693359375,5.640960693359375
156,155.56523,0.4347686767578125,0.4347686767578125
344,345.29962,-1.29962158203125,1.29962158203125
380,384.7402,-4.740203857421875,4.740203857421875
287,291.2386,-4.23858642578125,4.23858642578125
78,76.32883,1.671173095703125,1.671173095703125
18,17.968367,0.03163337707519531,0.03163337707519531
164,167.01808,-3.0180816650390625,3.0180816650390625
155,154.51324,0.48675537109375,0.48675537109375
137,134.00163,2.9983673095703125,2.9983673095703125
25,25.412024,-0.41202354431152344,0.41202354431152344
29,29.236118,-0.23611831665039062,0.23611831665039062
181,182.073,-1.072998046875,1.072998046875
41,39.82184,1.17816162109375,1.17816162109375
268,267.57382,0.426177978515625,0.426177978515625
219,217.95277,1.0472259521484375,1.0472259521484375
53,52.292267,0.707733154296875,0.707733154296875
18,18.196653,-0.1966533660888672,0.1966533660888672
16,16.314516,-0.3145160675048828,0.3145160675048828
217,214.01291,2.987091064453125,2.987091064453125
668,652.8465,15.15350341796875,15.15350341796875
247,245.29881,1.7011871337890625,1.7011871337890625
83,80.9142,2.0858001708984375,2.0858001708984375
16,16.080133,-0.08013343811035156,0.08013343811035156
494,510.14374,-16.14373779296875,16.14373779296875
138,135.56741,2.432586669921875,2.432586669921875
373,369.37207,3.6279296875,3.6279296875
108,108.94588,-0.9458770751953125,0.9458770751953125
229,232.02321,-3.0232086181640625,3.0232086181640625
5,5.0026126,-0.002612590789794922,0.002612590789794922
247,246.60405,0.3959503173828125,0.3959503173828125
190,191.44908,-1.4490814208984375,1.4490814208984375
5,4.9619374,0.03806257247924805,0.03806257247924805
117,117.89885,-0.8988494873046875,0.8988494873046875
63,62.16559,0.83441162109375,0.83441162109375
292,315.05508,-23.055084228515625,23.055084228515625
3,3.0858736,-0.08587360382080078,0.08587360382080078
205,198.699,6.300994873046875,6.300994873046875
179,181.70813,-2.7081298828125,2.7081298828125
137,136.70251,0.2974853515625,0.2974853515625
313,321.86063,-8.860626220703125,8.860626220703125
95,95.72427,-0.724273681640625,0.724273681640625
508,527.9206,-19.92059326171875,19.92059326171875
730,707.90436,22.09564208984375,22.09564208984375
216,219.37817,-3.378173828125,3.378173828125
26,26.096195,-0.09619522094726562,0.09619522094726562
229,229.74728,-0.747283935546875,0.747283935546875
334,331.4164,2.583587646484375,2.583587646484375
3,3.0419872,-0.04198718070983887,0.04198718070983887
194,198.65347,-4.653472900390625,4.653472900390625
607,640.40283,-33.40283203125,33.40283203125
115,111.87249,3.1275100708007812,3.1275100708007812
382,372.3776,9.622406005859375,9.622406005859375
205,208.42944,-3.429443359375,3.429443359375
595,593.06665,1.933349609375,1.933349609375
304,312.3548,-8.35479736328125,8.35479736328125
127,128.46925,-1.4692535400390625,1.4692535400390625
659,659.3116,-0.31158447265625,0.31158447265625
233,233.58116,-0.5811614990234375,0.5811614990234375
21,20.186043,0.8139572143554688,0.8139572143554688
110,110.04787,-0.0478668212890625,0.0478668212890625
89,89.03255,-0.0325469970703125,0.0325469970703125
225,221.98389,3.01611328125,3.01611328125
6,6.0635333,-0.06353330612182617,0.06353330612182617
10,9.857375,0.1426248550415039,0.1426248550415039
61,62.140175,-1.1401748657226562,1.1401748657226562
38,36.75919,1.2408103942871094,1.2408103942871094
93,92.74545,0.254547119140625,0.254547119140625
19,18.715324,0.28467559814453125,0.28467559814453125
161,159.6917,1.3083038330078125,1.3083038330078125
259,260.73282,-1.732818603515625,1.732818603515625
5,4.9879975,0.01200246810913086,0.01200246810913086
92,92.19216,-0.19216156005859375,0.19216156005859375
52,51.690666,0.30933380126953125,0.30933380126953125
108,107.06505,0.9349517822265625,0.9349517822265625
413,413.95294,-0.95294189453125,0.95294189453125
52,51.340115,0.6598854064941406,0.6598854064941406
315,315.25348,-0.25347900390625,0.25347900390625
276,272.88263,3.11737060546875,3.11737060546875
283,293.85513,-10.855133056640625,10.855133056640625
371,374.0291,-3.02911376953125,3.02911376953125
250,251.40015,-1.400146484375,1.400146484375
202,203.44424,-1.444244384765625,1.444244384765625
543,542.1101,0.889892578125,0.889892578125
96,94.90679,1.0932083129882812,1.0932083129882812
5,5.0532064,-0.053206443786621094,0.053206443786621094
62,63.674576,-1.6745758056640625,1.6745758056640625
276,266.31836,9.681640625,9.681640625
4,4.217032,-0.21703195571899414,0.21703195571899414
141,131.86505,9.13494873046875,9.13494873046875
52,50.806854,1.193145751953125,1.193145751953125
81,80.628654,0.37134552001953125,0.37134552001953125
425,424.09753,0.9024658203125,0.9024658203125
4,3.9009857,0.0990142822265625,0.0990142822265625
138,136.86485,1.1351470947265625,1.1351470947265625
2,2.048247,-0.04824709892272949,0.04824709892272949
150,155.24959,-5.2495880126953125,5.2495880126953125
402,386.52576,15.4742431640625,15.4742431640625
62,61.21958,0.7804183959960938,0.7804183959960938
6,6.4223437,-0.42234373092651367,0.42234373092651367
7,6.986433,0.013566970825195312,0.013566970825195312
139,135.27402,3.725982666015625,3.725982666015625
154,152.67195,1.3280487060546875,1.3280487060546875
725,707.01685,17.983154296875,17.983154296875
449,453.12048,-4.1204833984375,4.1204833984375
152,154.7843,-2.7843017578125,2.7843017578125
95,92.26899,2.7310104370117188,2.7310104370117188
210,217.97612,-7.9761199951171875,7.9761199951171875
45,47.086544,-2.0865440368652344,2.0865440368652344
849,841.5535,7.44647216796875,7.44647216796875
90,88.47765,1.5223464965820312,1.5223464965820312
139,138.42154,0.578460693359375,0.578460693359375
123,123.058334,-0.0583343505859375,0.0583343505859375
77,77.80501,-0.8050079345703125,0.8050079345703125
29,29.283361,-0.28336143493652344,0.28336143493652344
4,4.125228,-0.1252279281616211,0.1252279281616211
235,235.90872,-0.908721923828125,0.908721923828125
3,3.0246577,-0.024657726287841797,0.024657726287841797
160,161.29662,-1.2966156005859375,1.2966156005859375
272,270.0021,1.997894287109375,1.997894287109375
605,604.3376,0.66241455078125,0.66241455078125
20,19.565147,0.43485260009765625,0.43485260009765625
57,58.39229,-1.3922882080078125,1.3922882080078125
133,129.25218,3.7478179931640625,3.7478179931640625
702,675.27155,26.72845458984375,26.72845458984375
8,7.9539943,0.0460057258605957,0.0460057258605957
577,567.6928,9.30718994140625,9.30718994140625
351,344.56857,6.431427001953125,6.431427001953125
275,271.88586,3.1141357421875,3.1141357421875
13,13.061629,-0.061629295349121094,0.061629295349121094
86,86.32087,-0.32086944580078125,0.32086944580078125
52,53.24408,-1.24407958984375,1.24407958984375
102,100.97198,1.0280227661132812,1.0280227661132812
259,258.3391,0.660888671875,0.660888671875
925,879.28564,45.71435546875,45.71435546875
106,106.27529,-0.27529144287109375,0.27529144287109375
278,271.71765,6.2823486328125,6.2823486328125
44,45.616352,-1.6163520812988281,1.6163520812988281
228,225.86179,2.138214111328125,2.138214111328125
55,53.791042,1.2089576721191406,1.2089576721191406
283,290.1854,-7.185394287109375,7.185394287109375
218,212.37032,5.6296844482421875,5.6296844482421875
79,78.90552,0.094482421875,0.094482421875
288,296.8739,-8.8739013671875,8.8739013671875
20,19.85023,0.14977073669433594,0.14977073669433594
576,555.9312,20.06878662109375,20.06878662109375
16,16.62632,-0.6263198852539062,0.6263198852539062
129,128.86717,0.1328277587890625,0.1328277587890625
47,46.59189,0.408111572265625,0.408111572265625
14,13.96812,0.03188037872314453,0.03188037872314453
90,88.90708,1.0929183959960938,1.0929183959960938
163,163.6672,-0.667205810546875,0.667205810546875
268,265.3867,2.613311767578125,2.613311767578125
9,9.532282,-0.5322818756103516,0.5322818756103516
138,135.78148,2.2185211181640625,2.2185211181640625
53,53.651154,-0.651153564453125,0.651153564453125
251,247.86707,3.1329345703125,3.1329345703125
444,439.47543,4.524566650390625,4.524566650390625
147,155.0754,-8.075393676757812,8.075393676757812
493,488.2738,4.7261962890625,4.7261962890625
148,148.13858,-0.138580322265625,0.138580322265625
511,514.20294,-3.20294189453125,3.20294189453125
176,176.41731,-0.4173126220703125,0.4173126220703125
337,330.56873,6.4312744140625,6.4312744140625
230,230.6761,-0.6761016845703125,0.6761016845703125
191,188.30243,2.69757080078125,2.69757080078125
111,110.469986,0.5300140380859375,0.5300140380859375
157,157.56714,-0.567138671875,0.567138671875
389,382.97873,6.021270751953125,6.021270751953125
7,7.0323234,-0.032323360443115234,0.032323360443115234
88,87.49241,0.5075912475585938,0.5075912475585938
21,20.504318,0.4956817626953125,0.4956817626953125
114,111.22748,2.77252197265625,2.77252197265625
19,18.690647,0.3093528747558594,0.3093528747558594
111,110.5604,0.43959808349609375,0.43959808349609375
285,291.03018,-6.030181884765625,6.030181884765625
121,121.730255,-0.730255126953125,0.730255126953125
385,397.0995,-12.0994873046875,12.0994873046875
7,6.9924583,0.007541656494140625,0.007541656494140625
4,4.06786,-0.06786012649536133,0.06786012649536133
213,211.09593,1.9040679931640625,1.9040679931640625
191,197.20944,-6.209442138671875,6.209442138671875
70,70.86525,-0.8652496337890625,0.8652496337890625
145,149.80814,-4.808135986328125,4.808135986328125
1,1.4282188,-0.4282188415527344,0.4282188415527344
267,267.41858,-0.4185791015625,0.4185791015625
137,135.44865,1.5513458251953125,1.5513458251953125
265,266.46152,-1.461517333984375,1.461517333984375
30,30.24293,-0.24292945861816406,0.24292945861816406
16,16.123276,-0.1232757568359375,0.1232757568359375
6,5.9411364,0.05886363983154297,0.05886363983154297
15,14.668655,0.3313446044921875,0.3313446044921875
22,20.723207,1.2767925262451172,1.2767925262451172
486,483.36685,2.633148193359375,2.633148193359375
151,153.89284,-2.8928375244140625,2.8928375244140625
585,585.5502,-0.5501708984375,0.5501708984375
863,845.2065,17.79351806640625,17.79351806640625
60,61.240154,-1.2401542663574219,1.2401542663574219
96,96.04878,-0.0487823486328125,0.0487823486328125
108,106.61497,1.3850326538085938,1.3850326538085938
684,703.24805,-19.248046875,19.248046875
11,11.026157,-0.026157379150390625,0.026157379150390625
253,246.90472,6.09527587890625,6.09527587890625
3,3.0043328,-0.004332780838012695,0.004332780838012695
10,10.014431,-0.014430999755859375,0.014430999755859375
124,125.13792,-1.1379165649414062,1.1379165649414062
168,166.83034,1.1696624755859375,1.1696624755859375
9,8.993112,0.006888389587402344,0.006888389587402344
1,1.4110677,-0.4110677242279053,0.4110677242279053
343,329.12082,13.879180908203125,13.879180908203125
67,64.2879,2.71209716796875,2.71209716796875
858,872.7378,-14.73779296875,14.73779296875
3,3.0378208,-0.03782081604003906,0.03782081604003906
478,485.62286,-7.62286376953125,7.62286376953125
211,209.45091,1.5490875244140625,1.5490875244140625
11,10.74869,0.2513103485107422,0.2513103485107422
107,108.4826,-1.4825973510742188,1.4825973510742188
20,19.627054,0.37294578552246094,0.37294578552246094
35,35.090454,-0.0904541015625,0.0904541015625
66,64.57585,1.4241485595703125,1.4241485595703125
421,417.94174,3.058258056640625,3.058258056640625
45,45.563354,-0.5633544921875,0.5633544921875
194,193.10773,0.89227294921875,0.89227294921875
329,328.63727,0.36273193359375,0.36273193359375
5,4.872844,0.12715578079223633,0.12715578079223633
54,52.447422,1.5525779724121094,1.5525779724121094
211,209.76836,1.2316436767578125,1.2316436767578125
113,109.90103,3.098968505859375,3.098968505859375
37,33.276604,3.7233963012695312,3.7233963012695312
219,220.26988,-1.2698822021484375,1.2698822021484375
127,129.13321,-2.133209228515625,2.133209228515625
65,62.642136,2.3578643798828125,2.3578643798828125
48,48.24937,-0.24937057495117188,0.24937057495117188
126,124.20882,1.7911834716796875,1.7911834716796875
53,53.13006,-0.13005828857421875,0.13005828857421875
14,13.1687,0.8312997817993164,0.8312997817993164
179,182.88948,-3.8894805908203125,3.8894805908203125
221,222.91486,-1.91485595703125,1.91485595703125
6,5.9734883,0.026511669158935547,0.026511669158935547
10,9.974435,0.025565147399902344,0.025565147399902344
348,344.9368,3.063201904296875,3.063201904296875
18,17.784184,0.21581649780273438,0.21581649780273438
194,195.5474,-1.547393798828125,1.547393798828125
37,36.34299,0.6570091247558594,0.6570091247558594
7,7.0566587,-0.05665874481201172,0.05665874481201172
126,127.30039,-1.3003921508789062,1.3003921508789062
9,8.787916,0.2120838165283203,0.2120838165283203
302,297.80554,4.1944580078125,4.1944580078125
479,482.6615,-3.6614990234375,3.6614990234375
23,23.134457,-0.13445663452148438,0.13445663452148438
743,751.31903,-8.31903076171875,8.31903076171875
360,365.2857,-5.28570556640625,5.28570556640625
128,128.22514,-0.2251434326171875,0.2251434326171875
4,4.013129,-0.013129234313964844,0.013129234313964844
174,173.25482,0.74517822265625,0.74517822265625
514,501.0557,12.944305419921875,12.944305419921875
186,188.20837,-2.2083740234375,2.2083740234375
219,215.57664,3.4233551025390625,3.4233551025390625
58,58.63211,-0.632110595703125,0.632110595703125
375,367.79224,7.207763671875,7.207763671875
551,508.02078,42.979217529296875,42.979217529296875
115,116.751915,-1.7519149780273438,1.7519149780273438
292,294.77795,-2.7779541015625,2.7779541015625
504,499.46835,4.531646728515625,4.531646728515625
4,3.9494104,0.050589561462402344,0.050589561462402344
260,257.91824,2.081756591796875,2.081756591796875
380,371.62936,8.370635986328125,8.370635986328125
78,76.93074,1.0692596435546875,1.0692596435546875
28,27.814024,0.1859760284423828,0.1859760284423828
234,236.46071,-2.4607086181640625,2.4607086181640625
332,334.6092,-2.60919189453125,2.60919189453125
26,26.010046,-0.010046005249023438,0.010046005249023438
121,122.595024,-1.5950241088867188,1.5950241088867188
232,224.92888,7.0711212158203125,7.0711212158203125
448,443.46265,4.537353515625,4.537353515625
492,489.0487,2.9512939453125,2.9512939453125
596,546.7507,49.24932861328125,49.24932861328125
465,460.9578,4.042205810546875,4.042205810546875
224,223.89305,0.1069488525390625,0.1069488525390625
24,24.017168,-0.017168045043945312,0.017168045043945312
233,230.59422,2.4057769775390625,2.4057769775390625
2,2.008407,-0.008407115936279297,0.008407115936279297
178,172.94273,5.0572662353515625,5.0572662353515625
704,718.85547,-14.85546875,14.85546875
385,391.53766,-6.53765869140625,6.53765869140625
88,88.02421,-0.02420806884765625,0.02420806884765625
496,486.49136,9.508636474609375,9.508636474609375
63,61.724262,1.2757377624511719,1.2757377624511719
256,254.68826,1.311737060546875,1.311737060546875
158,157.61485,0.3851470947265625,0.3851470947265625
173,175.54367,-2.543670654296875,2.543670654296875
320,320.4623,-0.462310791015625,0.462310791015625
268,263.68307,4.316925048828125,4.316925048828125
119,120.16321,-1.1632080078125,1.1632080078125
77,76.59695,0.40305328369140625,0.40305328369140625
230,236.18802,-6.188018798828125,6.188018798828125
111,111.23415,-0.23415374755859375,0.23415374755859375
461,447.39377,13.606231689453125,13.606231689453125
213,214.4505,-1.45050048828125,1.45050048828125
5,4.9633303,0.03666973114013672,0.03666973114013672
10,10.089004,-0.0890035629272461,0.0890035629272461
244,243.08907,0.9109344482421875,0.9109344482421875
171,174.39464,-3.3946380615234375,3.3946380615234375
265,263.014,1.985992431640625,1.985992431640625
24,24.382965,-0.382965087890625,0.382965087890625
148,147.69772,0.302276611328125,0.302276611328125
493,483.93033,9.069671630859375,9.069671630859375
256,257.6036,-1.603607177734375,1.603607177734375
290,296.0146,-6.01458740234375,6.01458740234375
7,7.072133,-0.07213306427001953,0.07213306427001953
3,3.0502865,-0.05028653144836426,0.05028653144836426
33,32.679066,0.3209342956542969,0.3209342956542969
41,38.734497,2.2655029296875,2.2655029296875
42,44.50259,-2.5025901794433594,2.5025901794433594
856,827.84106,28.158935546875,28.158935546875
719,703.8625,15.13751220703125,15.13751220703125
541,537.4286,3.5714111328125,3.5714111328125
4,4.0178027,-0.017802715301513672,0.017802715301513672
485,482.9096,2.09039306640625,2.09039306640625
17,16.262299,0.737701416015625,0.737701416015625
410,408.45953,1.54046630859375,1.54046630859375
153,154.10425,-1.104248046875,1.104248046875
345,346.39468,-1.394683837890625,1.394683837890625
249,252.74712,-3.7471160888671875,3.7471160888671875
28,28.891241,-0.8912410736083984,0.8912410736083984
74,74.08524,-0.08524322509765625,0.08524322509765625
6,6.0503697,-0.0503697395324707,0.0503697395324707
127,126.78064,0.2193603515625,0.2193603515625
10,10.006164,-0.006163597106933594,0.006163597106933594
428,422.2457,5.754302978515625,5.754302978515625
8,8.080401,-0.08040142059326172,0.08040142059326172
101,99.710915,1.2890853881835938,1.2890853881835938
86,87.14768,-1.1476821899414062,1.1476821899414062
34,33.88544,0.11455917358398438,0.11455917358398438
272,270.28326,1.71673583984375,1.71673583984375
63,62.530914,0.469085693359375,0.469085693359375
21,22.36816,-1.3681602478027344,1.3681602478027344
58,57.367012,0.6329879760742188,0.6329879760742188
33,23.915308,9.084692001342773,9.084692001342773
64,64.953186,-0.95318603515625,0.95318603515625
7,6.95475,0.04524993896484375,0.04524993896484375
566,546.9064,19.0936279296875,19.0936279296875
14,13.084253,0.9157466888427734,0.9157466888427734
561,551.4219,9.578125,9.578125
6,5.9666877,0.033312320709228516,0.033312320709228516
172,178.6424,-6.64239501953125,6.64239501953125
230,231.8606,-1.860595703125,1.860595703125
500,499.22772,0.77227783203125,0.77227783203125
2,1.9917186,0.008281350135803223,0.008281350135803223
6,5.9788013,0.021198749542236328,0.021198749542236328
181,184.49055,-3.4905548095703125,3.4905548095703125
162,164.09898,-2.0989837646484375,2.0989837646484375
105,105.68364,-0.6836395263671875,0.6836395263671875
85,87.19869,-2.1986923217773438,2.1986923217773438
139,135.44655,3.5534515380859375,3.5534515380859375
511,511.5429,-0.54290771484375,0.54290771484375
284,300.6601,-16.66009521484375,16.66009521484375
110,109.69375,0.30625152587890625,0.30625152587890625
164,162.50917,1.4908294677734375,1.4908294677734375
76,77.28261,-1.2826080322265625,1.2826080322265625
64,63.740425,0.25957489013671875,0.25957489013671875
23,23.2099,-0.20989990234375,0.20989990234375
172,170.97253,1.0274658203125,1.0274658203125
196,193.54912,2.4508819580078125,2.4508819580078125
137,135.52759,1.472412109375,1.472412109375
66,64.58478,1.41522216796875,1.41522216796875
157,154.45357,2.5464324951171875,2.5464324951171875
124,124.2268,-0.22679901123046875,0.22679901123046875
550,550.1587,-0.15869140625,0.15869140625
104,106.871605,-2.8716049194335938,2.8716049194335938
117,119.82314,-2.8231430053710938,2.8231430053710938
122,119.40971,2.5902862548828125,2.5902862548828125
579,565.66144,13.33856201171875,13.33856201171875
268,258.2744,9.7255859375,9.7255859375
172,177.93085,-5.93084716796875,5.93084716796875
465,467.2379,-2.2379150390625,2.2379150390625
148,149.48474,-1.4847412109375,1.4847412109375
24,24.084164,-0.08416366577148438,0.08416366577148438
209,213.01332,-4.0133209228515625,4.0133209228515625
420,412.9895,7.010498046875,7.010498046875
7,6.923736,0.0762639045715332,0.0762639045715332
181,180.74258,0.257415771484375,0.257415771484375
17,17.107904,-0.10790443420410156,0.10790443420410156
373,363.43872,9.561279296875,9.561279296875
585,589.1617,-4.16168212890625,4.16168212890625
73,72.338486,0.6615142822265625,0.6615142822265625
125,126.32338,-1.3233795166015625,1.3233795166015625
284,286.664,-2.66400146484375,2.66400146484375
35,35.077015,-0.07701492309570312,0.07701492309570312
376,367.8711,8.12890625,8.12890625
6,5.9479084,0.05209159851074219,0.05209159851074219
527,530.7974,-3.79742431640625,3.79742431640625
60,61.391026,-1.3910255432128906,1.3910255432128906
103,102.94077,0.05922698974609375,0.05922698974609375
9,9.038838,-0.03883838653564453,0.03883838653564453
140,134.9186,5.0814056396484375,5.0814056396484375
25,25.10295,-0.10294914245605469,0.10294914245605469
39,37.89302,1.1069793701171875,1.1069793701171875
53,51.40492,1.5950813293457031,1.5950813293457031
207,210.12376,-3.1237640380859375,3.1237640380859375
281,273.2487,7.751312255859375,7.751312255859375
44,45.61145,-1.6114501953125,1.6114501953125
53,52.351376,0.6486244201660156,0.6486244201660156
33,33.7423,-0.7422981262207031,0.7422981262207031
31,30.880577,0.11942291259765625,0.11942291259765625
176,176.71568,-0.7156829833984375,0.7156829833984375
559,553.274,5.72601318359375,5.72601318359375
4,3.995451,0.0045490264892578125,0.0045490264892578125
147,148.24428,-1.2442779541015625,1.2442779541015625
21,21.071463,-0.07146263122558594,0.07146263122558594
715,734.19666,-19.1966552734375,19.1966552734375
41,39.346474,1.6535263061523438,1.6535263061523438
84,86.92042,-2.9204177856445312,2.9204177856445312
156,156.59804,-0.5980377197265625,0.5980377197265625
426,420.38895,5.611053466796875,5.611053466796875
185,183.51826,1.4817352294921875,1.4817352294921875
394,398.03323,-4.033233642578125,4.033233642578125
312,310.6501,1.34991455078125,1.34991455078125
222,221.25781,0.7421875,0.7421875
9,8.768043,0.23195743560791016,0.23195743560791016
71,70.21487,0.7851333618164062,0.7851333618164062
157,156.53535,0.4646453857421875,0.4646453857421875
142,153.63812,-11.63812255859375,11.63812255859375
129,128.92506,0.0749359130859375,0.0749359130859375
8,8.008814,-0.008813858032226562,0.008813858032226562
155,155.23654,-0.236541748046875,0.236541748046875
232,232.545,-0.5449981689453125,0.5449981689453125
239,240.79355,-1.793548583984375,1.793548583984375
440,437.236,2.764007568359375,2.764007568359375
191,191.03241,-0.03240966796875,0.03240966796875
136,135.96155,0.0384521484375,0.0384521484375
63,60.60259,2.397411346435547,2.397411346435547
